,index,word,frequency
5,5,sedan,17372
3,3,accord,4030
46,46,sport,3586
18,18,altima,3562
19,19,civic,2760
33,33,se,2707
9,9,s,2672
4,4,lx,2436
20,20,2.5,2262
21,21,ex,2248
60,60,utility,2162
37,37,coupe,2061
32,32,fusion,1748
2,2,wagon,1666
121,121,convertible,1394
11,11,malibu,1227
14,14,sonata,1216
28,28,lt,1084
13,13,limited,1032
10,10,hatchback,1027
7,7,focus,973
6,6,sentra,924
100,100,maxima,922
51,51,mustang,862
1,1,ls,849
67,67,optima,782
66,66,ex-l,730
150,150,sv,723
12,12,elantra,709
126,126,impala,689
184,184,taurus,666
56,56,sel,585
70,70,hybrid,580
72,72,sl,566
42,42,series,566
52,52,gt,562
49,49,touring,503
53,53,premium,496
211,211,gls,474
35,35,cruze,473
61,61,grand,453
213,213,versa,447
242,242,impreza,440
29,29,charger,440
22,22,outback,430
107,107,3,418
47,47,200,397
148,148,mazda3,385
30,30,sxt,375
175,175,dx,357
236,236,cr-v,347
168,168,2.5i,332
328,328,g6,322
279,279,sebring,320
106,106,rogue,300
45,45,cruiser,287
318,318,3.5,287
44,44,pt,285
237,237,mazda6,269
124,124,soul,269
164,164,jetta,256
102,102,a4,250
103,103,2.0t,250
149,149,i,247
116,116,durango,246
62,62,cherokee,243
243,243,wrx,241
87,87,pickup,240
568,568,roadster,235
40,40,300,227
161,161,dart,211
120,120,miata,205
119,119,mx-5,204
68,68,forte,201
91,91,ft,197
223,223,quattro,196
89,89,6,194
97,97,r/t,185
58,58,explorer,183
43,43,camaro,174
370,370,sr,174
169,169,fit,173
332,332,journey,173
88,88,4d,169
264,264,cobalt,164
244,244,ltz,163
230,230,equinox,161
257,257,legacy,158
202,202,minivan,155
147,147,murano,155
160,160,cooper,151
95,95,5,150
218,218,deluxe,147
543,543,ion,145
27,27,edition,144
76,76,1500,142
273,273,avenger,140
69,69,escape,130
186,186,gs,125
297,297,eclipse,122
39,39,es,121
396,396,five,120
397,397,hundred,120
386,386,xlt,117
105,105,bed,116
140,140,q50,116
530,530,accent,116
321,321,titanium,114
156,156,beetle,112
115,115,3.2,111
75,75,silverado,109
31,31,plus,109
411,411,car,108
293,293,tl,105
54,54,passat,102
167,167,z3,102
266,266,sorento,101
239,239,premier,100
255,255,neon,99
127,127,ss,99
578,578,ses,98
339,339,rio,97
123,123,turbo,96
253,253,forester,95
306,306,awd,93
410,410,town,93
282,282,new,92
402,402,spectra,92
165,165,gl,91
139,139,1/2,90
65,65,caliber,90
144,144,f-150,89
187,187,leaf,88
232,232,fe,88
384,384,integra,85
446,446,slk-class,82
317,317,crossfire,82
259,259,2.0i,81
235,235,cavalier,81
296,296,v6,79
460,460,zx4,79
57,57,clk-class,79
163,163,pilot,78
283,283,fiesta,78
569,569,z4,78
104,104,short,78
754,754,mazdaspeed3,78
205,205,eos,77
609,609,tdi,76
207,207,top,76
201,201,odyssey,75
48,48,350z,75
101,101,hhr,75
436,436,insight,74
206,206,hard,73
227,227,corvette,73
376,376,sx,72
528,528,cabriolet,72
353,353,l,72
231,231,santa,71
238,238,other,70
491,491,300zx,69
344,344,suv,69
501,501,tahoe,69
17,17,vue,68
8,8,zx3,68
285,285,m3,68
473,473,gxe,67
84,84,ram,67
287,287,mkz,65
0,0,sable,65
189,189,1.8t,65
118,118,g35,65
298,298,spyder,65
831,831,2,64
439,439,eco,64
111,111,edge,63
322,322,lacrosse,63
342,342,am,63
199,199,ranger,62
466,466,tsx,62
589,589,solstice,62
337,337,lancer,62
63,63,laredo,61
151,151,(2017.5),61
178,178,challenger,59
195,195,special,58
377,377,si,57
869,869,200s,57
73,73,1,57
261,261,victoria,56
59,59,platinum,56
74,74,300c,56
198,198,mdx,56
233,233,lesabre,54
260,260,crown,54
379,379,gle,53
327,327,trax,52
286,286,+,52
481,481,a3,52
334,334,cxl,52
108,108,prix,51
234,234,custom,50
462,462,de,50
764,764,tt,50
292,292,traverse,50
385,385,expedition,50
464,464,avant,49
736,736,stratus,49
382,382,c-class,48
222,222,a6,48
280,280,century,48
141,141,3.0t,47
456,456,2d,47
770,770,thunderbird,47
341,341,liberty,47
675,675,sti,46
216,216,c-max,46
208,208,lx-p,46
554,554,se-r,45
527,527,xt,45
289,289,4dr,44
185,185,escort,44
86,86,slt,44
93,93,aura,43
94,94,xe,43
500,500,luxury,42
387,387,cts,42
499,499,2.0l,41
1056,1056,sky,41
644,644,s4,40
522,522,magnum,40
210,210,cx,40
129,129,regal,40
71,71,sonic,39
192,192,pathfinder,39
641,641,amg,39
131,131,sierra,38
41,41,m,38
36,36,veloster,38
570,570,3.0i,38
137,137,long,38
453,453,x,37
130,130,200c,37
566,566,rs,37
739,739,galant,36
23,23,3.0,36
38,38,3d,36
618,618,base,35
391,391,4,35
743,743,s2000,35
921,921,protege,35
534,534,lxi,35
284,284,marquis,34
740,740,ct200h,34
209,209,lucerne,34
256,256,srt-4,34
661,661,g37,34
113,113,yukon,34
373,373,value,33
90,90,1/4,33
226,226,x3,33
329,329,crew,33
338,338,vibe,32
304,304,aveo,32
365,365,mirage,32
486,486,pacifica,32
505,505,a5,32
776,776,komfort,32
214,214,genesis,32
520,520,v70,32
295,295,acadia,31
476,476,3.7,31
519,519,carlo,31
518,518,monte,31
50,50,mazda5,31
1085,1085,cars,31
110,110,ecoboost,31
621,621,prelude,30
813,813,air,30
204,204,milan,30
409,409,is250,30
117,117,suburban,30
55,55,2.5l,30
463,463,ville,30
762,762,3000gt,30
812,812,bel,30
497,497,ls400,29
331,331,es300,29
941,941,128i,29
724,724,maxx,29
359,359,300s,29
533,533,concorde,29
364,364,328i,28
575,575,430,28
269,269,blazer,28
794,794,seville,28
513,513,anniversary,28
507,507,!,28
24,24,r,28
251,251,golf,27
170,170,gti,27
440,440,e-class,27
810,810,sl2,27
162,162,caravan,27
301,301,sportage,27
435,435,trailblazer,27
302,302,st,27
758,758,door,26
345,345,xr,26
496,496,intrepid,26
245,245,denali,26
85,85,2500,26
83,83,srt8,26
383,383,4matic,26
557,557,zx5,26
381,381,type,26
182,182,240sx,26
275,275,v8,26
340,340,compass,25
492,492,firebird,25
490,490,626,25
969,969,sc430,25
784,784,1lt,25
252,252,c,25
132,132,sle,25
1107,1107,350,25
417,417,red,24
752,752,xc70,24
300,300,svt,24
1132,1132,montego,24
690,690,gx,24
624,624,package,24
98,98,patriot,23
459,459,300m,23
412,412,signature,23
816,816,x5,23
326,326,escalade,23
181,181,le,23
502,502,s60,23
503,503,t5,23
539,539,dakota,23
511,511,xterra,23
241,241,sts,23
514,514,c70,23
595,595,manual,22
936,936,lx-s,22
521,521,2.5t,22
670,670,srt4,22
196,196,is300,22
556,556,cabrio,22
128,128,3/4,22
1330,1330,xls,22
1036,1036,4-cyl,22
360,360,7,22
681,681,volt,21
546,546,rl,21
363,363,citadel,21
414,414,is,21
400,400,500,21
494,494,gtp,21
899,899,eddie,21
913,913,2.7t,21
488,488,enthusiast,21
333,333,rendezvous,21
582,582,ci,21
646,646,2+2,21
900,900,bauer,21
599,599,3.0si,20
291,291,tribute,20
320,320,srt,20
544,544,line,20
274,274,sl500,20
672,672,s-10,20
299,299,cobra,20
420,420,&,20
1484,1484,rsx,20
26,26,bean,19
426,426,pack,19
999,999,k5,19
398,398,rx-8,19
666,666,clean,19
755,755,v,19
191,191,lux,19
316,316,spec,19
25,25,ll,19
362,362,plug-in,19
517,517,eldorado,19
99,99,latitude,18
190,190,cc,18
551,551,dts,18
263,263,crosstrek,18
885,885,rallye,18
693,693,4x4,18
537,537,sl1,18
1194,1194,mazdaspeed6,18
145,145,xl,18
354,354,caprice,18
516,516,classic,18
668,668,gli,18
887,887,2lt,18
542,542,zts,18
177,177,frontier,17
550,550,4motion,17
576,576,slk,17
580,580,cl,17
590,590,1.8,17
562,562,335i,17
974,974,vp,17
1277,1277,sc,17
413,413,black,17
442,442,park,17
525,525,spark,17
627,627,tucson,17
593,593,gto,17
294,294,328xi,17
785,785,low,17
786,786,miles,17
172,172,cube,17
443,443,avenue,17
424,424,country,16
1131,1131,gxp,16
109,109,z28,16
1043,1043,here,16
272,272,i30,16
565,565,cr-z,16
855,855,leather,16
418,418,400,16
399,399,e,16
549,549,glx,15
591,591,2.3,15
577,577,kompressor,15
798,798,l200,15
268,268,rx-7,15
1176,1176,del,15
416,416,wrangler,15
173,173,terrain,15
664,664,xdrive,14
1419,1419,6-cyl,14
343,343,renegade,14
142,142,rally,14
651,651,police,14
146,146,azera,14
1034,1034,sls,14
404,404,3.6,14
270,270,colorado,14
982,982,sedona,14
1047,1047,outlander,14
92,92,es330,14
254,254,2.5x,14
597,597,quest,14
1021,1021,corvair,14
1037,1037,ioniq,14
888,888,rdx,13
579,579,note,13
862,862,ilx,13
875,875,a,13
203,203,s-class,13
545,545,quad,13
265,265,bronco,13
649,649,m6,13
1048,1048,bonneville,13
962,962,loaded,13
965,965,hs,13
258,258,3.6r,13
380,380,cx-9,13
892,892,ct,13
1031,1031,2.5ts,13
425,425,scat,13
408,408,crosstour,13
731,731,belair,13
697,697,drive,12
715,715,xc90,12
215,215,3.8,12
1051,1051,down,12
1000,1000,lxs,12
1334,1334,sl-class,12
610,610,es350,12
987,987,2dr,12
614,614,sh-awd,12
1105,1105,crossroad,12
155,155,armada,12
645,645,nova,12
393,393,chevy,12
759,759,330,12
2003,2003,sol,12
470,470,hx,12
632,632,prestige,11
1345,1345,hardtop,11
509,509,sports,11
441,441,5.0,11
1115,1115,fairlane,11
840,840,(2018.5),11
924,924,1.4t,11
937,937,225,11
1001,1001,auto,11
750,750,xc,11
388,388,e46,11
457,457,8,11
405,405,avalanche,11
749,749,trac,11
448,448,silver,11
180,180,titan,11
854,854,verano,11
401,401,z71,11
559,559,stealth,11
176,176,max,11
1139,1139,gts,11
667,667,title,11
493,493,trans,11
351,351,enclave,11
863,863,aero,11
498,498,ats,11
771,771,limited-sxl,11
16,16,cx-7,11
422,422,4wd,11
655,655,type-s,11
766,766,2.5rs,10
371,371,s40,10
980,980,325i,10
761,761,yorker,10
978,978,rondo,10
572,572,model,10
1003,1003,luxe,10
780,780,t6,10
183,183,fastback,10
471,471,skylark,10
1042,1042,buy,10
240,240,sho,10
1250,1250,zx2,10
598,598,325,10
564,564,lebaron,10
1002,1002,honda,10
247,247,2.4,10
1090,1090,cougar,10
246,246,tlx,10
1106,1106,clk,10
403,403,srx,10
671,671,collection,10
392,392,matic,10
350,350,pay,10
720,720,evolution,10
1360,1360,contour,10
433,433,desde,10
510,510,rx,10
952,952,for,10
829,829,el,10
898,898,tsi,10
639,639,850,10
290,290,sdn,10
633,633,gs-r,10
1096,1096,astra,9
745,745,blue,9
1028,1028,monza,9
1022,1022,speed,9
848,848,galaxie,9
628,628,(,9
1658,1658,s80,9
871,871,tribeca,9
1412,1412,s5,9
1807,1807,panel,9
656,656,325xi,9
884,884,2.0,9
825,825,xdrive35i,9
792,792,in,9
1135,1135,financiamiento,9
961,961,fully,9
894,894,135i,9
699,699,super,9
1355,1355,hellcat,9
1091,1091,325ci,9
843,843,shelby,9
1121,1121,pkg,9
944,944,230,9
1092,1092,wolfsburg,9
818,818,deville,9
680,680,q60,9
665,665,-,9
901,901,lariat,9
472,472,chevelle,9
421,421,track,9
541,541,trade,9
143,143,hemi,9
489,489,c230,9
80,80,no,9
445,445,ultra,9
193,193,c300,9
336,336,juke,9
188,188,commander,8
1055,1055,ct200,8
112,112,flex,8
538,538,fe+,8
622,622,330xi,8
1017,1017,all,8
909,909,nissan,8
626,626,e320,8
64,64,cts-v,8
1025,1025,l300,8
642,642,touareg,8
718,718,n,8
512,512,10th,8
647,647,cx-5,8
375,375,328,8
893,893,xg,8
814,814,rainier,8
495,495,jx,8
356,356,interceptor,8
1143,1143,roadmaster,8
1064,1064,fleetline,8
482,482,mountaineer,8
1108,1108,mpv,8
701,701,m4,8
171,171,mini,8
474,474,gas,8
841,841,elite,8
1414,1414,gs-t,8
34,34,m35,8
1173,1173,al,8
1008,1008,ghia,8
741,741,jxi,8
563,563,performance,8
751,751,v50,8
966,966,250h,8
555,555,ml350,8
394,394,van,8
455,455,widebody,8
581,581,645,8
1252,1252,r-line,7
653,653,m-class,7
449,449,overland,7
789,789,stinger,7
1231,1231,rio5,7
658,658,m5,7
1129,1129,sensing,7
504,504,cng,7
1251,1251,sc1,7
346,346,tax,7
882,882,fx4,7
487,487,r-spec,7
465,465,liter,7
479,479,excursion,7
478,478,astro,7
1216,1216,parts,7
1094,1094,ev,7
427,427,rwd,7
1079,1079,tiburon,7
305,305,535xi,7
650,650,xts,7
330,330,m45,7
249,249,ridgeline,7
722,722,4cyl,7
919,919,sunfire,7
612,612,ultimate,7
911,911,gsx,7
611,611,altitude,7
532,532,o-z,7
629,629,),7
907,907,gtc,7
1004,1004,allante,7
809,809,riviera,7
634,634,tiguan,7
228,228,stingray,7
735,735,370z,7
378,378,express,7
717,717,x6,7
319,319,g5,7
461,461,envoy,7
454,454,rt,7
637,637,q7,7
467,467,fleetwood,6
806,806,v40,6
1155,1155,mainstreet,6
1329,1329,cxs,6
179,179,s550,6
757,757,i35,6
801,801,executive,6
844,844,gt500,6
1190,1190,sl550,6
853,853,650i,6
1563,1563,chrome,6
390,390,250,6
447,447,sle-1,6
1099,1099,with,6
1557,1557,exl,6
719,719,xi,6
808,808,sportwagen,6
781,781,catalina,6
708,708,e350,6
1294,1294,excellent,6
1123,1123,mazdaspeed,6
1183,1183,*,6
1046,1046,benz,6
1196,1196,bolt,6
220,220,550,6
895,895,coronet,6
224,224,atlas,6
1399,1399,ford,6
311,311,hr-v,6
526,526,s-line,6
638,638,4.2,6
529,529,extended,6
1018,1018,trim,6
267,267,select,6
1714,1714,zxw,6
1016,1016,c10,6
1013,1013,c-10,6
615,615,basic,6
1480,1480,g20,6
1007,1007,karmann,6
1667,1667,ex-t,6
606,606,capri,6
1006,1006,crv,6
997,997,station,6
929,929,gold,6
1663,1663,navigator,6
1039,1039,skyline,6
197,197,i3,6
963,963,5.7,6
1778,1778,saturn,6
881,881,mks,6
1367,1367,en,6
964,964,rx350,6
1348,1348,natural,6
567,567,320,6
943,943,hf,6
867,867,x1,6
949,949,300d,6
349,349,h,6
950,950,2.5s,6
288,288,kia,5
573,573,g,5
1167,1167,very,5
415,415,g8,5
278,278,f,5
1189,1189,323,5
986,986,mazda2,5
942,942,falcon,5
1881,1881,m-sport,5
977,977,financed,5
1065,1065,3.2l,5
1735,1735,diamante,5
826,826,q5,5
1088,1088,323ic,5
1713,1713,sdrive28i,5
1060,1060,428i,5
1202,1202,and,5
157,157,ls430,5
880,880,f-sport,5
367,367,cash,5
1118,1118,sc2,5
1120,1120,w/sl,5
1697,1697,240,5
372,372,2.4i,5
200,200,brz,5
1703,1703,xs,5
225,225,cross,5
1020,1020,sh,5
1700,1700,cadenza,5
1140,1140,good,5
918,918,mark,5
912,912,20th,5
303,303,captiva,5
1815,1815,diesel,5
686,686,class,5
1354,1354,435i,5
1237,1237,üî•,5
536,536,xfe,5
475,475,saver,5
683,683,clubman,5
1239,1239,3.6l,5
603,603,sw2,5
1248,1248,legend,5
631,631,sq5,5
729,729,competition,5
691,691,460,5
1422,1422,ht,5
1265,1265,xt5,5
1274,1274,endeavor,5
1276,1276,business,5
1278,1278,koup,5
585,585,titulo,5
602,602,t,5
1750,1750,truck,5
484,484,element,5
657,657,a8,5
480,480,g35x,5
636,636,raptor,5
1386,1386,only,5
1222,1222,two,5
1383,1383,freestyle,5
1470,1470,2.8,5
584,584,limpio,5
531,531,3500,5
1657,1657,645ci,4
1323,1323,wheel,4
926,926,canyon,4
1396,1396,white,4
1110,1110,380,4
695,695,club,4
313,313,280,4
1312,1312,210,4
158,158,750,4
1429,1429,ayudamos,4
1438,1438,330ci,4
1723,1723,speed6,4
1809,1809,gs300,4
1311,1311,gt-line,4
1098,1098,interior,4
1310,1310,bel-air,4
1102,1102,650,4
906,906,kona,4
688,688,430i,4
1324,1324,fwd,4
1369,1369,llama,4
1359,1359,crosscabriolet,4
347,347,season,4
1411,1411,zr2,4
1486,1486,3lt,4
868,868,xdrive28i,4
1786,1786,king,4
1044,1044,specials,4
1014,1014,vr-4,4
1084,1084,used,4
1637,1637,h6,4
1203,1203,automatic,4
1635,1635,transmission,4
1780,1780,cab,4
857,857,para,4
1333,1333,junk,4
2002,2002,uplander,4
1810,1810,outlook,4
1204,1204,convertable,4
1655,1655,vtec,4
560,560,niro,4
1119,1119,392,4
281,281,millenia,4
1755,1755,viii,4
1737,1737,lemans,4
946,946,i8,4
1739,1739,100,4
1166,1166,runs,4
1169,1169,.,4
1686,1686,aspen,4
1227,1227,condition,4
419,419,road,4
1574,1574,sale,4
444,444,ed,4
1684,1684,datsun,4
1188,1188,rx300,4
1219,1219,etc,4
434,434,$2000,4
1192,1192,cirrus,4
955,955,es300h,4
1211,1211,w/navigation,4
571,571,lumina,4
765,765,c240,4
429,429,financing,4
1799,1799,ranch,4
705,705,s6,4
138,138,laramie,4
1299,1299,smart,4
553,553,amanti,4
1247,1247,gdi,4
389,389,cla,4
822,822,cls-class,4
1282,1282,gl-class,4
114,114,xc60,4
1444,1444,ii,4
1560,1560,‚úÖÔ∏è,4
2030,2030,cr√©dito,4
1851,1851,z/28,4
975,975,128,4
819,819,nissan+altima,4
1436,1436,buenas,3
1439,1439,zhp,3
1437,1437,condiciones,3
1491,1491,o,3
262,262,xv,3
1475,1475,or,3
1656,1656,m-edition,3
1474,1474,sell,3
78,78,on,3
992,992,530i,3
2040,2040,down),3
1471,1471,bmw,3
1490,1490,con,3
1451,1451,in-house,3
1879,1879,q45,3
1443,1443,sxl,3
1415,1415,tts,3
1679,1679,montana,3
271,271,wagoneer,3
1659,1659,metro,3
1450,1450,finance,3
1473,1473,parting,3
1015,1015,jimmy,3
2211,2211,‚óè,3
1502,1502,mach,3
1915,1915,300sl,3
1620,1620,üî•used,3
1618,1618,v60,3
1128,1128,w/honda,3
1615,1615,ztw,3
1275,1275,",",3
1263,1263,voyager,3
1260,1260,cheyenne,3
1612,1612,cinco,3
1136,1136,casa,3
1142,1142,duramax,3
1144,1144,john,3
1145,1145,works,3
1565,1565,we,3
1610,1610,montero,3
1240,1240,chieftain,3
1156,1156,telluride,3
1603,1603,stylemaster,3
1160,1160,speed3,3
2177,2177,estate,3
1570,1570,gsr,3
1232,1232,55,3
1596,1596,mercedes,3
1225,1225,owner,3
134,134,pinto,3
1591,1591,enganche,3
1214,1214,especial,3
1936,1936,g37s,3
1302,1302,doors,3
1974,1974,ltd,3
1387,1387,sed√°n,3
1111,1111,viper,3
1896,1896,y,3
1033,1033,sonoma,3
1035,1035,4door,3
1375,1375,financiado,3
1370,1370,9Ô∏è‚É£1Ô∏è‚É£8Ô∏è‚É£-3Ô∏è‚É£2Ô∏è‚É£4Ô∏è‚É£-7Ô∏è‚É£7Ô∏è‚É£7Ô∏è‚É£0Ô∏è‚É£,3
1368,1368,"casa,",3
1365,1365,pymnt,3
1361,1361,conv,3
1050,1050,$1500,3
1514,1514,houston,3
1646,1646,street,3
1515,1515,tx,3
1062,1062,back,3
1350,1350,star,3
1337,1337,5.7l,3
1642,1642,hibrido,3
1335,1335,mariner,3
1076,1076,t√≠tulo,3
1634,1634,needs,3
1633,1633,325cic,3
2204,2204,miles.,3
174,174,sle-2,3
1319,1319,mclaren,3
159,159,li,3
1104,1104,5dr,3
1309,1309,2wd,3
1304,1304,customline,3
133,133,sc300,3
1191,1191,continental,3
684,684,e92,3
654,654,cl-class,3
845,845,750i,3
846,846,f-350,3
847,847,streak,3
685,685,63,3
860,860,imperial,3
1715,1715,standard,3
679,679,stx,3
1821,1821,r32,3
1863,1863,glt,3
883,883,s-series,3
335,335,aviator,3
366,366,$4000,3
889,889,mazda,3
652,652,p71,3
323,323,2002,3
315,315,euro,3
902,902,encore,3
903,903,cruz,3
904,904,sahara,3
1701,1701,gt-r,3
314,314,full,3
1813,1813,brand,3
1826,1826,gs350,3
839,839,535,3
1812,1812,electric,3
1761,1761,lhs,3
773,773,2door,3
1742,1742,cascada,3
423,423,high,3
1740,1740,323i,3
431,431,electra,3
788,788,50th,3
1749,1749,2.5gt,3
737,737,2.4l,3
1733,1733,2.4t,3
734,734,2.0xt,3
723,723,energi,3
837,837,out,3
811,811,cvt,3
817,817,4.4i,3
714,714,qx56,3
821,821,master,3
824,824,rhd,3
711,711,335xi,3
832,832,qx80,3
833,833,1600,3
1762,1762,nismo,3
834,834,race,3
916,916,maverick,3
1741,1741,daytona,3
547,547,62,3
552,552,vc-t,3
1687,1687,passport,3
940,940,cpe,3
1693,1693,z24,3
617,617,e30,3
1806,1806,slk-230,3
548,548,c320,3
1793,1793,g37x,3
1695,1695,300sd,3
1790,1790,widow,3
1692,1692,body,3
1808,1808,tracker,3
1870,1870,cylinder,3
956,956,35th,3
535,535,35i,3
601,601,financiada,3
1877,1877,ml320,3
922,922,dr,3
1873,1873,unlimited,3
1267,1267,of,2
721,721,mr,2
2028,2028,mal,2
1448,1448,acepp,2
2011,2011,..,2
1262,1262,gs400,2
1268,1268,futura,2
1954,1954,cilindros!!!,2
1296,1296,"cars,",2
1258,1258,acord,2
2128,2128,j30,2
1952,1952,millas,2
730,730,premiere,2
1538,1538,newport,2
1796,1796,w,2
1961,1961,mx-3,2
716,716,e-tron,2
561,561,tr,2
594,594,75th,2
713,713,run,2
712,712,jx35,2
1279,1279,supergas,2
1280,1280,winterready,2
710,710,cartier,2
1544,1544,lexus,2
1967,1967,"se,",2
1289,1289,level,2
2111,2111,330i,2
2109,2109,clarity,2
2031,2031,cero,2
1489,1489,2023,2
732,732,s70,2
756,756,sulev,2
1878,1878,is350c,2
1209,1209,funcional,2
1208,1208,todo,2
2021,2021,n54,2
1205,1205,miles!,2
763,763,baja,2
1840,1840,custome,2
1458,1458,essence,2
1585,1585,got,2
125,125,cla-class,2
1195,1195,6-speed,2
769,769,reserve,2
1466,1466,camino,2
774,774,rtl,2
1589,1589,328ci,2
2162,2162,rust,2
1590,1590,$2500,2
1213,1213,edici√≥n,2
1217,1217,audi,2
1756,1756,m35x,2
583,583,"accord,",2
1800,1800,k10,2
2026,2026,ralliart,2
604,604,?,2
1243,1243,redline,2
738,738,i4,2
2139,2139,chief,2
451,451,pulsar,2
1569,1569,seanson,2
1233,1233,superblack,2
1230,1230,fusi√≥n,2
1572,1572,cs,2
746,746,d,2
1573,1573,compressor,2
1751,1751,cls,2
748,748,title!!!,2
438,438,summit,2
586,586,poco,2
1763,1763,imperza,2
1308,1308,galaxy,2
1535,1535,prius,2
1973,1973,trx,2
1504,1504,motor,2
1993,1993,probe,2
1507,1507,2019,2
1992,1992,4.3l,2
1373,1373,dp,2
616,616,325is,2
1372,1372,ramcharger,2
1371,1371,$1700,2
663,663,340i,2
669,669,zl1,2
1364,1364,rx8,2
1987,1987,b9,2
674,674,fx35,2
477,477,400sel,2
1358,1358,g60,2
1357,1357,corrado,2
2080,2080,dhs,2
2069,2069,500sel,2
77,77,firm,2
2045,2045,40th,2
620,620,2.5xt,2
1409,1409,factory,2
640,640,ml63,2
1487,1487,formula,2
2054,2054,r8,2
79,79,price,2
1789,1789,e-320,2
1402,1402,cls550,2
1493,1493,250c,2
2067,2067,xlr,2
1494,1494,240d,2
2058,2058,fiero,2
523,523,z,2
1498,1498,ranchero,2
2062,2062,label,2
648,648,ascent,2
506,506,mystique,2
1423,1423,i-30,2
1774,1774,activity,2
678,678,f-250,2
2037,2037,rf,2
1322,1322,640i,2
1978,1978,sl55,2
1529,1529,hand,2
1318,1318,slr,2
1317,1317,slk230,2
1316,1316,spider,2
1315,1315,clk-350,2
1314,1314,beretta,2
1527,1527,1000,2
1977,1977,w/technology,2
1431,1431,clk55,2
1432,1432,323ci,2
700,700,snake,2
1794,1794,iroc,2
2101,2101,hb,2
1830,1830,chrysler,2
694,694,30,2
1526,1526,city,2
1352,1352,nice,2
2089,2089,brighton,2
1351,1351,fairmont,2
1349,1349,lw300,2
682,682,off-road,2
2082,2082,lsi,2
1516,1516,2.5sl,2
1985,1985,337,2
1339,1339,wb,2
775,775,w8,2
1525,1525,austin,2
1336,1336,wanted,2
1479,1479,ssr,2
1428,1428,te,2
96,96,grey,2
2328,2328,partes,2
2090,2090,conquest,2
1773,1773,palisade,2
959,959,kicks,2
1747,1747,5spd,2
1182,1182,4.6,2
815,815,glk-class,2
1080,1080,wood,2
856,856,listo,2
1078,1078,envision,2
1858,1858,avp,2
1075,1075,trade-in,2
1638,1638,150,2
2215,2215,oz,2
1066,1066,negotiable‚úÖ‚úÖ‚úÖ,2
352,352,ls460,2
870,870,saleen,2
1643,1643,saden,2
1861,1861,il,2
1645,1645,es-350,2
1053,1053,190e,2
1052,1052,clk-320,2
877,877,la,2
1049,1049,limousine,2
1856,1856,289,2
1181,1181,scatpack,2
851,851,camry,2
835,835,|,2
823,823,celsior,2
1727,1727,couple,2
1621,1621,üö®sale,2
830,830,z06,2
1113,1113,todos,2
2197,2197,beat,2
2198,2198,srt-6,2
836,836,part,2
850,850,normal,2
1103,1103,200h,2
838,838,‚Ä¢,2
1101,1101,motion,2
361,361,320i,2
166,166,mkx,2
358,358,"""sport""",2
1631,1631,wayfarer,2
2276,2276,5-speed,2
1707,1707,ecosport,2
1045,1045,vdc,2
1689,1689,road/track,2
932,932,the,2
994,994,se+sedan+,2
993,993,honda+accord,2
935,935,twin,2
985,985,35,2
984,984,fx,2
277,277,rc350,2
1874,1874,small,2
1665,1665,biscayne,2
309,309,all4,2
2247,2247,shinsen,2
2248,2248,220d,2
308,308,countryman,2
947,947,prizm,2
948,948,q35,2
307,307,allroad,2
2236,2236,supercharged,2
248,248,ct5,2
1706,1706,crossover,2
1803,1803,335x,2
1900,1900,serie,2
1041,1041,hyundai+sonata,2
1652,1652,r34,2
1032,1032,none,2
325,325,nitro,2
896,896,boss,2
1029,1029,slt-2,2
1024,1024,4a,2
927,927,200sx,2
1023,1023,n/a,2
910,910,torrent,2
1699,1699,c8,2
915,915,tracer,2
917,917,plug,2
1894,1894,acoord,2
925,925,trail,2
1126,1126,krom,2
1462,1462,z51,2
1598,1598,any,2
1928,1928,1200,2
1138,1138,2020,2
779,779,years,2
1595,1595,üöò,2
783,783,rubicon,2
395,395,g10,2
1141,1141,2005,2
407,407,g25,2
802,802,w210,2
406,406,slt-1,2
1927,1927,geo,2
805,805,qx50,2
797,797,windstar,2
1608,1608,aztek,2
1149,1149,k900,2
787,787,carfax,2
1161,1161,gla-class,2
1607,1607,740,2
1606,1606,dodge,2
1152,1152,335is,2
1153,1153,spirit,2
1137,1137,aveo5,2
1604,1604,prism,2
2167,2167,explore,2
2169,2169,read,2
778,778,50,2
1593,1593,pagos,2
1178,1178,pago,2
1613,1613,180,2
1838,1838,estimado,1
2000,2000,b5,1
1875,1875,dynasty,1
1997,1997,click,1
1998,1998,m300,1
1931,1931,figaro,1
2013,2013,vos,1
1999,1999,ic,1
1868,1868,s/c,1
1926,1926,650ic,1
2016,2016,coup√©,1
1996,1996,145s,1
2001,2001,altimae,1
2012,2012,1.5,1
1814,1814,engine!,1
1940,1940,limo,1
1883,1883,sprinter,1
1941,1941,selling,1
2015,2015,300h,1
1944,1944,has,1
1990,1990,*financing,1
1843,1843,ela,1
1991,1991,available*,1
1943,1943,runs&drives,1
1899,1899,g-class,1
1898,1898,2jz,1
1994,1994,runntech,1
1816,1816,alloy,1
1942,1942,as-is,1
1897,1897,atramicion,1
1876,1876,shaker,1
1866,1866,designo,1
1995,1995,tune,1
1867,1867,aspec,1
1925,1925,4ws,1
2014,2014,expokia,1
1938,1938,exl-v6,1
1939,1939,i128,1
1934,1934,multiar,1
1935,1935,clk350,1
1882,1882,!!,1
1890,1890,price),1
1889,1889,good(firm,1
1888,1888,trans.no,1
1887,1887,q,1
1872,1872,‚Äúwoody‚Äù,1
2008,2008,muscle,1
1884,1884,se/limited,1
2009,2009,3181,1
2010,2010,familiar,1
1933,1933,clk-500,1
1886,1886,equipada,1
2392,2392,leadÔøº,1
1885,1885,total,1
1841,1841,first,1
2007,2007,6.4l,1
1929,1929,(247,1
1842,1842,american,1
2006,2006,l√≠mite,1
1895,1895,mint,1
1805,1805,clk550,1
1893,1893,300es,1
1880,1880,528i,1
1869,1869,xdrive30i,1
1811,1811,(nova),1
1937,1937,firm!,1
1930,1930,usa),1
1892,1892,350c,1
1932,1932,$1400,1
2004,2004,tow,1
1839,1839,o.a.c,1
1871,1871,d250,1
1891,1891,i28,1
2005,2005,singular,1
1957,1957,pocos,1
1924,1924,m37,1
1817,1817,g-20,1
1969,1969,a7,1
1914,1914,cl√°sico,1
1831,1831,service,1
1971,1971,m),1
1972,1972,83434,1
1953,1953,"titulo,",1
1922,1922,m37x,1
1832,1832,228,1
1833,1833,prefect,1
1829,1829,tremor,1
1828,1828,paceman,1
1913,1913,midnight,1
1975,1975,rst,1
1976,1976,blacktop,1
1912,1912,square,1
1827,1827,fsport,1
1834,1834,530,1
1911,1911,calificas,1
1825,1825,anniversary),1
1910,1910,aqui,1
1970,1970,(non,1
1848,1848,xr2,1
1909,1909,wide,1
1968,1968,transmission!!!,1
1850,1850,q60s,1
1958,1958,requisitos,1
1959,1959,70k,1
1960,1960,lly,1
1920,1920,500sl,1
1962,1962,fx-35,1
1956,1956,aplicas,1
1919,1919,prowler,1
1921,1921,bugg,1
1918,1918,1.6,1
1852,1852,7.3l,1
1853,1853,stanza,1
1963,1963,k,1
1955,1955,"ex-l,",1
1964,1964,sante,1
1965,1965,sc400,1
1917,1917,230s,1
1966,1966,122s,1
1916,1916,balair,1
1951,1951,1.8litros,1
1950,1950,"ls,motor",1
1818,1818,briarwood,1
1905,1905,(all,1
1904,1904,commando,1
1946,1946,leak,1
1860,1860,cr,1
1835,1835,ex-l/elite/trailsport,1
1836,1836,precio,1
1903,1903,styleline,1
1837,1837,publicacion,1
1862,1862,dinan,1
1864,1864,shinka,1
1902,1902,ionic,1
1945,1945,oil,1
1865,1865,s65,1
1820,1820,supercrew,1
1988,1988,justy,1
1849,1849,fairlane/custom,1
1901,1901,notchback,1
1989,1989,pro-4x,1
1819,1819,0,1
1844,1844,compramos,1
1986,1986,q40,1
1984,1984,528ix,1
1854,1854,cobra//,1
1983,1983,"54,000",1
1847,1847,xdrive35d,1
1824,1824,30th,1
1846,1846,yonke,1
1908,1908,560,1
1855,1855,opcional,1
1949,1949,gasket,1
1845,1845,carros,1
1948,1948,cover,1
1979,1979,impereza,1
1822,1822,sus,1
1947,1947,valve,1
1980,1980,concours,1
1857,1857,spd,1
1923,1923,cr-x,1
1907,1907,technology,1
1859,1859,745i,1
1906,1906,original),1
1981,1981,order,1
1982,1982,c230k,1
1823,1823,(limited,1
2350,2350,supercharger,1
2017,2017,oh,1
2258,2258,shoebox,1
2265,2265,mailbu,1
2264,2264,doors-,1
2263,2263,lx-4,1
2262,2262,quatro,1
2261,2261,altima/2.5,1
2375,2375,d350,1
2260,2260,corolla,1
2259,2259,engine!!,1
2257,2257,regular,1
2285,2285,chevrolet+cruze,1
2256,2256,sse,1
2255,2255,2000,1
2254,2254,ser,1
2253,2253,300ce,1
2252,2252,ventura,1
2251,2251,supercharge,1
2250,2250,touring-l,1
2249,2249,cheiftain,1
2374,2374,located,1
2266,2266,premium/,1
2267,2267,weekly,1
2268,2268,rental,1
2371,2371,s2,1
2283,2283,2008,1
2282,2282,20.000,1
2281,2281,miles),1
2372,2372,37,1
2280,2280,lt/rs,1
2279,2279,asc,1
2278,2278,82k,1
2277,2277,manaul,1
2275,2275,econoline,1
2274,2274,ex300,1
2273,2273,560sl,1
2272,2272,edsel,1
2373,2373,are,1
2271,2271,you,1
2270,2270,description,1
2269,2269,please,1
2246,2246,saturno,1
2245,2245,chevy+impala,1
2244,2244,chevrolet+impala,1
2379,2379,comprobante,1
2381,2381,bill,1
2225,2225,brakes.,1
2224,2224,tires,1
2382,2382,aprobamos,1
2383,2383,sdrive35i,1
2223,2223,free.,1
2222,2222,car.,1
2221,2221,california,1
2220,2220,"77,848k",1
2219,2219,miles!!!!!!,1
2218,2218,condition!!!!!,1
2217,2217,v6.,1
2216,2216,sb,1
2214,2214,gloria,1
2213,2213,mkt,1
2212,2212,1.7,1
2210,2210,great.,1
2380,2380,un,1
2226,2226,üî•all,1
2376,2376,135,1
2227,2227,4.6l,1
2243,2243,fortwo,1
2242,2242,315xi,1
2241,2241,‚ÄºÔ∏è‚ÄºÔ∏è,1
2240,2240,‚ÄºÔ∏è2500,1
2239,2239,gts-4,1
2238,2238,n-line,1
2237,2237,ssei,1
2235,2235,z4m,1
2377,2377,"fusion,",1
2378,2378,"pasaporte,",1
2234,2234,belaire,1
2233,2233,e38,1
2232,2232,740i,1
2231,2231,lactose,1
2230,2230,idk,1
2229,2229,i30t,1
2228,2228,v8.,1
2284,2284,1.5t,1
2286,2286,lt+sedan+,1
2208,2208,lt.,1
2326,2326,exl-sedan,1
2333,2333,88000,1
2332,2332,bluetec,1
2356,2356,4v,1
2357,2357,drift,1
2331,2331,üáÆüáπ,1
2330,2330,mexicans,1
2329,2329,solamente,1
2327,2327,lightning,1
2358,2358,q30,1
2370,2370,se2.4l,1
2325,2325,soto,1
2359,2359,core,1
2324,2324,slk32,1
2323,2323,m35s,1
2322,2322,330ic,1
2321,2321,530xi,1
2320,2320,b4000,1
2319,2319,745,1
2334,2334,bueno,1
2355,2355,390,1
2354,2354,saleüî•used,1
2335,2335,accord‚Äîstick,1
2349,2349,aires,1
2348,2348,convenience,1
2347,2347,cars),1
2351,2351,malibu/lt,1
2346,2346,(2,1
2345,2345,dor,1
2344,2344,solid,1
2343,2343,"cam,",1
2342,2342,marage,1
2341,2341,4-speed,1
2352,2352,ü§©end,1
2340,2340,ho,1
2339,2339,festiva,1
2338,2338,sl500-,1
2337,2337,grandma's,1
2336,2336,shift;,1
2353,2353,month,1
2318,2318,425i,1
2360,2360,crafted,1
2317,2317,ups,1
2302,2302,"clean,",1
2300,2300,l35,1
2299,2299,re:flex,1
2298,2298,coup,1
2297,2297,passion,1
2296,2296,four,1
2295,2295,gs430,1
2294,2294,highline,1
2293,2293,obvio,1
2367,2367,window,1
2292,2292,900,1
2368,2368,avalon,1
2291,2291,negociable!!,1
2290,2290,$1.499,1
2369,2369,zephyr,1
2289,2289,üî¥down,1
2288,2288,üü¢,1
2287,2287,üü¢üü¢üü¢cash,1
2301,2301,"car,",1
2303,2303,wit,1
2316,2316,pick,1
2304,2304,x0278,1
2315,2315,"specials,",1
2314,2314,pace,1
2313,2313,offical,1
2361,2361,altima!,1
2312,2312,s9933,1
2362,2362,e420,1
2311,2311,navigation,1
2310,2310,davill,1
2309,2309,tdt,1
2363,2363,sl320,1
2364,2364,cx200,1
2308,2308,td,1
2365,2365,villager,1
2366,2366,coop,1
2307,2307,crestline,1
2306,2306,s892,1
2305,2305,"2.5l,",1
2209,2209,118k,1
2207,2207,slx,1
2018,2018,subaru,1
2390,2390,ü§©üíØ,1
2093,2093,6cyl,1
2092,2092,vtech,1
2091,2091,shp,1
2088,2088,diario,1
2087,2087,uso,1
2086,2086,detalles,1
2085,2085,caddy,1
2084,2084,rabbit,1
2083,2083,trailboss,1
2119,2119,960,1
2081,2081,b,1
2391,2391,let‚Äôs,1
2079,2079,xd,1
2078,2078,500i,1
2077,2077,3.0l,1
2076,2076,wind,1
2075,2075,ev6,1
2074,2074,spec.b,1
2094,2094,4.0l,1
2095,2095,inline,1
2096,2096,cyl,1
2097,2097,ml430,1
2117,2117,shadow,1
2116,2116,1.8l,1
2115,2115,salon,1
2114,2114,!!!,1
2113,2113,2003,1
2112,2112,ray,1
2110,2110,rs330,1
2108,2108,deal,1
2107,2107,ü§©,1
2106,2106,üö®$2500,1
2105,2105,ü§©sale,1
2104,2104,üö®big,1
2103,2103,üí∞$2000,1
2102,2102,220s,1
2100,2100,avanta,1
2099,2099,wolfsburgh,1
2098,2098,07,1
2073,2073,platnium,1
2072,2072,c-,1
2071,2071,daville,1
2044,2044,paperwork,1
2042,2042,devil,1
2041,2041,b2500,1
2039,2039,($900,1
2038,2038,repos,1
2036,2036,üöôüöóüöó,1
2035,2035,cr√©dit‚úÖ,1
2034,2034,down/,1
2033,2033,"$1,495",1
2032,2032,repos.,1
2029,2029,cr√©dito.,1
2027,2027,2000down.,1
2025,2025,270,1
2024,2024,"99,000",1
2023,2023,clk500,1
2022,2022,vr-x,1
2020,2020,delivery,1
2019,2019,g37xs,1
2043,2043,title.auction,1
2046,2046,(top,1
2070,2070,loyal,1
2047,2047,trim),1
2068,2068,rx400h,1
2066,2066,sixty,1
2065,2065,mx-6,1
2064,2064,opel,1
2063,2063,380sl,1
2061,2061,zr1,1
2060,2060,nisan,1
2059,2059,(e46),1
2057,2057,project,1
2056,2056,3.5l,1
2055,2055,qx60,1
2053,2053,328d,1
2052,2052,s330,1
2051,2051,($800,1
2050,2050,convertabl,1
2049,2049,"convertible,",1
2048,2048,ca,1
2118,2118,vx,1
2120,2120,b2200,1
2206,2206,saver.,1
2178,2178,xtreme,1
2186,2186,($500,1
2185,2185,540i,1
2184,2184,00,1
2183,2183,32,1
2182,2182,2.9,1
2181,2181,baldwin,1
2180,2180,sd,1
2179,2179,sp,1
2176,2176,600,1
2121,2121,i528,1
2175,2175,x0245,1
2174,2174,720,1
2173,2173,bullitt,1
2172,2172,"2,500",1
2171,2171,1997,1
2170,2170,description!,1
2168,2168,svx,1
2166,2166,lt-1,1
2388,2388,bagged,1
2387,2387,250s,1
2187,2187,conquista,1
2188,2188,veryreliable,1
2205,2205,4cly.,1
2203,2203,144k.,1
2202,2202,loaded.,1
2201,2201,zx4.,1
2200,2200,to,1
2199,2199,priced,1
2384,2384,rx-350,1
2196,2196,kingswood,1
2385,2385,doorÔøº,1
2195,2195,iv,1
2194,2194,i-4,1
2386,2386,lw200,1
2193,2193,s300,1
2192,2192,lexuw,1
2191,2191,535is,1
2190,2190,940,1
2189,2189,ppv,1
2165,2165,vsport,1
2164,2164,firedome,1
2163,2163,desoto,1
2141,2141,down‚ÄºÔ∏è‚ÄºÔ∏è,1
2138,2138,6mt,1
2137,2137,feiro,1
2136,2136,se-v6,1
2135,2135,well,1
2134,2134,former,1
2133,2133,entry,1
2389,2389,19,1
2132,2132,zdx,1
2131,2131,s1,1
2130,2130,r350,1
2129,2129,wheelchair,1
2127,2127,coast,1
2126,2126,pacific,1
2125,2125,"4d,",1
2124,2124,"legacy,",1
2123,2123,work),1
2122,2122,(car,1
2140,2140,‚ÄºÔ∏è‚ÄºÔ∏è$2500,1
2142,2142,clk.,1
2161,2161,approval,1
2143,2143,ü§ùüöôüõª,1
2160,2160,easy,1
2159,2159,beautiful,1
2158,2158,hemi!,1
2157,2157,squareback,1
2156,2156,3.01,1
2155,2155,hearse,1
2154,2154,meteor,1
2153,2153,miller,1
2152,2152,d'elegance,1
2151,2151,280c,1
2150,2150,customer,1
2149,2149,‚Äúltz‚Äù,1
2148,2148,4.8i,1
2147,2147,extender,1
2146,2146,range,1
2145,2145,durang,1
2144,2144,gh,1
1804,1804,sl-2,1
1197,1197,"323i,",1
1802,1802,f100,1
1077,1077,dodge+durango,1
1122,1122,sc460,1
1117,1117,w/tech,1
1116,1116,gta,1
1114,1114,aprueban,1
1112,1112,rt/10,1
1109,1109,"autom√°tico,",1
1100,1100,taos,1
1097,1097,tan,1
1095,1095,2.5l‚ÄºÔ∏è‚úÖ,1
1093,1093,solterra,1
1089,1089,cars!!!!,1
1087,1087,üî•üöò,1
1086,1086,üî•$1000,1
1083,1083,ü§©dallas,1
1082,1082,dirt,1
1124,1124,trux,1
1125,1125,ssl,1
1127,1127,kia+soul,1
1154,1154,ford+taurus,1
1164,1164,ok,1
1163,1163,check,1
1162,1162,smoge,1
1159,1159,anglia,1
1158,1158,edit.,1
1157,1157,nightfall,1
1151,1151,impriza,1
1130,1130,sl600,1
1150,1150,s500,1
1148,1148,vsa,1
1147,1147,mayfair,1
1146,1146,1275,1
1134,1134,üíØüíØ,1
1133,1133,üí≤2000,1
1081,1081,grain,1
1074,1074,aceptamos,1
1168,1168,issues,1
1073,1073,"altima,",1
1012,1012,mighty,1
1011,1011,3.25,1
1010,1010,vin,1
1009,1009,1442666980,1
1005,1005,500r,1
998,998,z8,1
996,996,e500,1
995,995,x4,1
991,991,trooper,1
990,990,state,1
989,989,say,1
988,988,doesn‚Äôt,1
983,983,pure,1
981,981,fee,1
979,979,seabring,1
1019,1019,lol,1
1026,1026,"leather,sun",1
1027,1027,roof,1
1063,1063,versi√≥n,1
1072,1072,check!!),1
1071,1071,credit,1
1070,1070,financing...,1
1069,1069,house,1
1068,1068,(easy,1
1067,1067,pzev,1
1061,1061,slant,1
1030,1030,momentum,1
1059,1059,$1000,1
1058,1058,‚Ä¢gas,1
1057,1057,reliable,1
1054,1054,l-200,1
1040,1040,optima+,1
1038,1038,3.5+se+sedan+,1
1165,1165,economic,1
1170,1170,100%,1
973,973,manual),1
1245,1245,20,1
1273,1273,montago,1
1272,1272,4s,1
1271,1271,liner,1
1270,1270,lx-sv,1
1269,1269,dependable,1
1266,1266,types,1
1264,1264,w/black,1
1261,1261,fussion,1
1259,1259,q70,1
1257,1257,buena,1
1256,1256,sss,1
1255,1255,relay,1
1254,1254,replica,1
1253,1253,i535,1
1249,1249,gran,1
1281,1281,/t,1
1283,1283,reverse,1
1284,1284,camera,1
1295,1295,condition!!!!,1
1305,1305,bet,1
1303,1303,duty,1
1301,1301,i4.,1
1300,1300,5a.,1
1298,1298,suv‚Äôs,1
1297,1297,"trucks,",1
1293,1293,i4..,1
1285,1285,sunroof,1
1292,1292,2.3l,1
1291,1291,wagon.,1
1290,1290,sp23,1
1288,1288,butter,1
1287,1287,peanut,1
1286,1286,heated,1
1246,1246,300e,1
1244,1244,528l,1
1171,1171,garantizado!!,1
1242,1242,crx,1
1201,1201,"great,gas",1
1200,1200,"title,runs",1
1199,1199,"miles,sharp,",1
1198,1198,156000,1
1193,1193,bubbletop,1
1187,1187,e90,1
1186,1186,gjs,1
1185,1185,warranty,1
1184,1184,trades,1
1180,1180,"$4,380",1
1179,1179,inicial,1
1177,1177,anuncio,1
1175,1175,valor,1
1174,1174,privado,1
1172,1172,inf,1
1206,1206,stlemaster,1
1207,1207,s.l.1,1
1210,1210,h√≠brido,1
1228,1228,touping,1
1241,1241,farly,1
1238,1238,10,1
1236,1236,üö®used,1
1235,1235,ü§©$1500,1
1234,1234,üî•sale,1
1229,1229,mega,1
1226,1226,‚ú®good,1
1212,1212,330cic,1
1224,1224,üéâ,1
1223,1223,‚ú®civic,1
1221,1221,v70xc,1
1220,1220,trucks,1
1218,1218,hyundai,1
1215,1215,chager,1
976,976,play,1
972,972,(6spd,1
1801,1801,scottsdale,1
483,483,gl-450,1
613,613,xdrive(awd),1
608,608,malibut,1
607,607,veracruz,1
605,605,396,1
600,600,nissan+rogue,1
596,596,gl450,1
592,592,torino,1
588,588,cilindro!!!,1
587,587,"millas,",1
574,574,35x,1
558,558,uax,1
540,540,possible,1
524,524,proto,1
515,515,e-280,1
508,508,class.,1
619,619,blackout,1
623,623,winter,1
625,625,zsp,1
677,677,safari,1
702,702,qx56/nissan,1
698,698,dohc,1
696,696,m235i,1
692,692,(gx460),1
689,689,cla-45,1
687,687,concourse,1
676,676,vapor,1
630,630,ex35,1
673,673,4.0t,1
662,662,ls450,1
660,660,miles!!!,1
659,659,"73,000",1
643,643,e-350,1
635,635,s3,1
485,485,trackhawk,1
469,469,cat,1
704,704,rs/ss,1
468,468,jxg,1
229,229,pp1,1
221,221,c-250,1
219,219,clas,1
217,217,460l,1
212,212,cupe,1
194,194,sport/amg,1
154,154,international,1
153,153,taxi,1
152,152,london,1
136,136,d150,1
135,135,crusin,1
122,122,sprint,1
82,82,menos,1
81,81,ofresca,1
15,15,librete,1
250,250,mk,1
276,276,128l,1
310,310,rts,1
428,428,inhouse,1
458,458,cream,1
452,452,(rhd),1
450,450,jdm,1
437,437,2.o.t,1
432,432,üíØ,1
430,430,ü§ù,1
374,374,asl,1
312,312,familia,1
369,369,fou,1
368,368,solo,1
357,357,is20,1
355,355,polish,1
348,348,specials-buy,1
324,324,traker,1
703,703,badlands,1
706,706,5.2l,1
971,971,s+sedan+,1
864,864,2014,1
920,920,25th,1
914,914,onyx,1
908,908,2022,1
905,905,auntomatica,1
897,897,302,1
891,891,4.5,1
890,890,280se,1
886,886,hybird,1
879,879,aplica!!!!,1
878,878,mayoria,1
876,876,irse,1
874,874,rogu√©,1
873,873,2018,1
872,872,m2,1
866,866,amg¬Æ,1
923,923,post,1
928,928,little,1
930,930,trending,1
954,954,gts25t,1
970,970,nissan+maxima,1
968,968,528,1
967,967,turing,1
960,960,63s,1
958,958,"sentra""s""",1
957,957,z4c,1
953,953,sale/trade!!,1
931,931,by,1
951,951,r33,1
945,945,110.000,1
939,939,commemorative,1
938,938,alms,1
934,934,ct6,1
933,933,wi,1
865,865,mercedes-benz,1
861,861,noto,1
707,707,v10,1
859,859,2016,1
777,777,motorsport,1
772,772,detail,1
768,768,obo,1
767,767,"$6,500",1
760,760,s-430,1
753,753,hybrido,1
747,747,1.5l,1
744,744,xt6,1
742,742,heat,1
733,733,t-5,1
728,728,problema,1
727,727,ning√∫n,1
726,726,tiene,1
725,725,128!,1
709,709,towncar,1
782,782,gladiator,1
790,790,energy,1
791,791,plag,1
820,820,3.5+sl+sedan+,1
858,858,irse!!!!,1
852,852,xse,1
849,849,swapped,1
842,842,own,1
828,828,470,1
827,827,starliner,1
807,807,manuel,1
793,793,hibrid,1
804,804,-awd,1
803,803,90,1
800,800,tahhoe,1
799,799,"26,250",1
796,796,cts4,1
795,795,cadillac,1
1306,1306,fly,1
1307,1307,nline,1
1313,1313,??,1
1625,1625,sales,1
1651,1651,"$12,999",1
1650,1650,w/warranty,1
1649,1649,rouge,1
1648,1648,otro,1
1647,1647,$5850,1
1644,1644,lw2,1
1641,1641,accorde,1
1640,1640,terrains,1
1639,1639,handyman,1
1636,1636,4dg35,1
1632,1632,itouring,1
1630,1630,apr,1
1629,1629,2.9%,1
1628,1628,economicos,1
1627,1627,slk55,1
1653,1653,varvatos,1
1654,1654,duran,1
1660,1660,5speed),1
1672,1672,113k,1
1678,1678,xdrive40i,1
1677,1677,x7,1
1676,1676,sell!),1
1675,1675,must,1
1674,1674,(moving!,1
1673,1673,86k,1
1671,1671,lx-v6,1
1661,1661,see,1
1670,1670,four-cylinder,1
1669,1669,acor,1
1668,1668,325l,1
1666,1666,m3/e46,1
1664,1664,328ic,1
1662,1662,allpictures,1
1626,1626,üí∞ü§ë$2000,1
1624,1624,great,1
1681,1681,r-design,1
1623,1623,üî•$2000,1
1584,1584,credit-,1
1583,1583,your,1
1582,1582,rebuild,1
1581,1581,‚úÖ,1
1580,1580,payments,1
1579,1579,monthly,1
1578,1578,üî•39mpg‚úÖ,1
1577,1577,carplay,1
1576,1576,sr/apple,1
1575,1575,l2,1
1571,1571,üöó,1
1568,1568,gt350,1
1567,1567,cars!!!,1
1566,1566,our,1
1564,1564,xlt.,1
1586,1586,cheap,1
1587,1587,"cars,luxury",1
1588,1588,"trucks,suvs,sedans",1
1609,1609,mustnag,1
1622,1622,deals,1
1619,1619,üí∞$1000,1
1617,1617,440,1
1616,1616,sephia,1
1614,1614,grande,1
1611,1611,xr-7,1
1605,1605,all-wheel,1
1592,1592,ÔøΩÔøΩk5,1
1602,1602,j-30,1
1601,1601,1.9,1
1600,1600,3i,1
1599,1599,"limpio,",1
1597,1597,income,1
1594,1594,infiniti+qx30,1
1680,1680,brougham,1
1682,1682,citroen,1
1320,1320,722,1
1745,1745,1le,1
1770,1770,drives,1
1769,1769,age,1
1768,1768,its,1
1767,1767,original,1
1766,1766,xdrive50i,1
1765,1765,glk,1
1764,1764,estandar,1
1760,1760,318is,1
1759,1759,swap,1
1758,1758,e36,1
1757,1757,ec,1
1754,1754,dodge+journey,1
1753,1753,uptown,1
1752,1752,fleetmaster,1
1748,1748,3-door,1
1771,1771,$4989,1
1772,1772,sale!,1
1775,1775,16v,1
1787,1787,kab,1
1798,1798,745li,1
1797,1797,nomad,1
1795,1795,bell,1
1792,1792,coyote,1
1791,1791,editor,1
1788,1788,4.8is,1
1785,1785,venture,1
1776,1776,c100,1
1784,1784,trailhawk,1
1783,1783,glc300,1
1782,1782,side,1
1781,1781,step,1
1779,1779,dinali,1
1777,1777,royal,1
1746,1746,2k,1
1744,1744,1ss,1
1683,1683,french,1
1743,1743,engine,1
1712,1712,ÔøΩÔøΩ,1
1711,1711,promoci√≥n,1
1710,1710,429i,1
1709,1709,compas,1
1708,1708,tonw,1
1705,1705,"""m""",1
1704,1704,i-6,1
1702,1702,legal,1
1698,1698,stick,1
1696,1696,tittle,1
1694,1694,slk320,1
1691,1691,fox,1
1690,1690,lx470,1
1688,1688,hrv,1
1685,1685,510,1
1716,1716,tronic,1
1717,1717,chevette,1
1718,1718,1.4l,1
1729,1729,e93,1
1738,1738,clone,1
1736,1736,sl100,1
1734,1734,ci325,1
1732,1732,rear,1
1731,1731,3l-i6c.,1
1730,1730,"2-door,",1
1728,1728,s430,1
1719,1719,350l,1
1726,1726,verza,1
1725,1725,mazda6i,1
1724,1724,6m,1
1722,1722,woodie,1
1721,1721,l-series,1
1720,1720,mechanical,1
1562,1562,free,1
1561,1561,smoke,1
1559,1559,mmmm,1
1393,1393,"title,",1
1417,1417,ct200-h,1
1416,1416,preferred,1
1413,1413,30i,1
1410,1410,silverad,1
1408,1408,kit,1
1407,1407,foci,1
1406,1406,mileage,1
1405,1405,45mpg,1
1404,1404,fast,1
1403,1403,vuex3,1
1401,1401,invoice!!!,1
1400,1400,at,1
1398,1398,s8638a,1
1397,1397,x0056h,1
1395,1395,cont,1
1418,1418,amazing!,1
1420,1420,89k,1
1421,1421,one,1
1440,1440,eso,1
1449,1449,"trade-in,",1
1447,1447,"elantra,",1
1446,1446,650¬°,1
1445,1445,biarritz,1
1442,1442,arrow,1
1441,1441,3-series,1
1435,1435,poniac,1
1424,1424,svm,1
1434,1434,s+hatchback+,1
1433,1433,nissan+leaf,1
1430,1430,financiar,1
1427,1427,euv,1
1426,1426,328ix,1
1425,1425,450sl,1
1394,1394,x0194,1
1392,1392,s9530a,1
1558,1558,sir,1
1391,1391,4wd/awd,1
1347,1347,liter-hybrid,1
1346,1346,xr7,1
1344,1344,"condition""",1
1343,1343,"""great",1
1342,1342,pkg.,1
1341,1341,w/sports,1
1340,1340,maximum,1
1338,1338,"163""",1
1332,1332,c6,1
1331,1331,aa,1
1328,1328,vr6,1
1327,1327,speciÃáal,1
1326,1326,mechaniÃác,1
1325,1325,ciÃáviÃác-,1
1321,1321,6-series,1
1353,1353,look...,1
1356,1356,redeye,1
1362,1362,fusion/se,1
1381,1381,9Ô∏è‚É£1Ô∏è‚É£8Ô∏è‚É£_2Ô∏è‚É£3Ô∏è‚É£6Ô∏è‚É£-6Ô∏è‚É£5Ô∏è‚É£0Ô∏è‚É£4Ô∏è‚É£,1
1390,1390,"66,000",1
1389,1389,fleet,1
1388,1388,miata5,1
1385,1385,1949,1
1384,1384,aire,1
1382,1382,imbala,1
1380,1380,ya,1
1363,1363,down!,1
1379,1379,"cash,",1
1378,1378,"down,",1
1377,1377,3000,1
1376,1376,$,1
1374,1374,impala.,1
1366,1366,$1900,1
1452,1452,nissan+altima+,1
1453,1453,down+payment+2000$,1
1454,1454,k7,1
1455,1455,coopers,1
1536,1536,malib√∫,1
1534,1534,733i,1
1533,1533,trading,1
1532,1532,consider,1
1531,1531,will,1
1530,1530,dc5,1
1528,1528,right,1
1524,1524,hs250h,1
1523,1523,optioned,1
1522,1522,clkl,1
1521,1521,k320,1
1520,1520,tr6,1
1519,1519,triumph,1
1518,1518,x0084,1
1517,1517,s9324a,1
1537,1537,anodized,1
1539,1539,pontiac,1
1540,1540,134,1
1550,1550,llevate,1
1556,1556,deportivo,1
1555,1555,tls,1
1554,1554,"$2,500",1
1553,1553,sue√±os,1
1552,1552,tus,1
1551,1551,carro,1
1549,1549,number.,1
1541,1541,ever,1
1548,1548,itim,1
1547,1547,/,1
1546,1546,id,1
1545,1545,disponible,1
1543,1543,.nissan,1
1542,1542,hillman,1
1513,1513,payment,1
1512,1512,$70/pw,1
1511,1511,"out,",1
1465,1465,‚úÖüö®,1
1477,1477,l6,1
1476,1476,"v6,3.6l",1
1472,1472,mgb,1
1469,1469,2541964,1
1468,1468,llamen,1
1467,1467,"$3,900",1
1464,1464,2.5+s+sedan+,1
1481,1481,mileage!!!,1
1463,1463,üíØüî•,1
1461,1461,out!,1
1460,1460,w204,1
1459,1459,c63,1
1457,1457,comanche,1
1456,1456,delux,1
1478,1478,droptop,1
1482,1482,f1,1
1510,1510,327,1
1500,1500,s7830b,1
1509,1509,11,1
1508,1508,c30,1
1506,1506,ix,1
1505,1505,sequito,1
1503,1503,vendo,1
1501,1501,s9953,1
1499,1499,x0205,1
1483,1483,stepside,1
1497,1497,gt53,1
1496,1496,2011,1
1495,1495,v-6,1
1492,1492,sin,1
1488,1488,salvaje,1
1485,1485,autobahn,1
2393,2393,e400,1
